Workbook

Sheet Leeme
A1: Bodega central de instrumentos - planilla prototipo
A3: Que es esto
A4: Prototipo de planilla para inventariar instrumentos y controlar prestamos entre carreras.
A5: Pensada para usarse junto con la propuesta (documento de la reunion docente).
A7: Como usarla
A8: 1. Hoja 'Inventario': un instrumento por fila. La fila 3 es un EJEMPLO, no un instrumento real: borrarla o editarla.
A9: 2. Hoja 'Prestamos': un prestamo por fila, usando el mismo ID de instrumento del inventario.
A10: 3. Hoja 'Resumen': se actualiza sola con formulas; no escribir nada ahi.
A12: Que completar a mano (en celdas blancas)
A13: - Inventario: ID, Instrumento, Marca / modelo, Categoria, Carrera de origen, Estado fisico, Zona, Fecha de ingreso, Observaciones.
A14: - Prestamos: ID prestamo, ID instrumento, Carrera solicitante, Solicitado por, Fecha de entrega, Fecha de devolucion estimada, Fecha de devolucion real, Estado al devolver, Observaciones.
A16: Que se calcula solo (celdas grises, no tocar)
... A20: - Resumen: totales y conteos por categoria y por estado.

Sheet Inventario
A1: Inventario de instrumentos
A2: ID | B2: Instrumento | C2: Marca / modelo | D2: Categoria | E2: Carrera de origen | F2: Estado fisico | G2: Zona en bodega | H2: Disponibilidad | I2: Fecha de ingreso | J2: Observaciones
A3: INS-001 | B3: Estacion total | C3: Leica TS06 | D3: Topografia | E3: Topografia | F3: Bueno | G3: Topografia | H3: =IFERROR(IF(COUNTIFS(Prestamos!$B$4:$B$103,$A3,Prestamos!$I$4:$I$103,"Activo")>0,"Prestado","Disponible"),"Disponible") | I3: 2024-03-10 | J3: Ejemplo - reemplazar o borrar
H4: =IF($A4="","",IFERROR(IF(COUNTIFS(Prestamos!$B$4:$B$103,$A4,Prestamos!$I$4:$I$103,"Activo")>0,"Prestado","Disponible"),"Disponible"))
H5: =IF($A5="","",IFERROR(IF(COUNTIFS(Prestamos!$B$4:$B$103,$A5,Prestamos!$I$4:$I$103,"Activo")>0,"Prestado","Disponible"),"Disponible"))
H6: =IF($A6="","",IFERROR(IF(COUNTIFS(Prestamos!$B$4:$B$103,$A6,Prestamos!$I$4:$I$103,"Activo")>0,"Prestado","Disponible"),"Disponible"))
H7: =IF($A7="","",IFERROR(IF(COUNTIFS(Prestamos!$B$4:$B$103,$A7,Prestamos!$I$4:$I$103,"Activo")>0,"Prestado","Disponible"),"Disponible"))
H8: =IF($A8="","",IFERROR(IF(COUNTIFS(Prestamos!$B$4:$B$103,$A8,Prestamos!$I$4:$I$103,"Activo")>0,"Prestado","Disponible"),"Disponible"))
H9: =IF($A9="","",IFERROR(IF(COUNTIFS(Prestamos!$B$4:$B$103,$A9,Prestamos!$I$4:$I$103,"Activo")>0,"Prestado","Disponible"),"Disponible"))
H10: =IF($A10="","",IFERROR(IF(COUNTIFS(Prestamos!$B$4:$B$103,$A10,Prestamos!$I$4:$I$103,"Activo")>0,"Prestado","Disponible"),"Disponible"))
H11: =IF($A11="","",IFERROR(IF(COUNTIFS(Prestamos!$B$4:$B$103,$A11,Prestamos!$I$4:$I$103,"Activo")>0,"Prestado","Disponible"),"Disponible"))
H12: =IF($A12="","",IFERROR(IF(COUNTIFS(Prestamos!$B$4:$B$103,$A12,Prestamos!$I$4:$I$103,"Activo")>0,"Prestado","Disponible"),"Disponible"))
H13: =IF($A13="","",IFERROR(IF(COUNTIFS(Prestamos!$B$4:$B$103,$A13,Prestamos!$I$4:$I$103,"Activo")>0,"Prestado","Disponible"),"Disponible"))
H14: =IF($A14="","",IFERROR(IF(COUNTIFS(Prestamos!$B$4:$B$103,$A14,Prestamos!$I$4:$I$103,"Activo")>0,"Prestado","Disponible"),"Disponible"))
H15: =IF($A15="","",IFERROR(IF(COUNTIFS(Prestamos!$B$4:$B$103,$A15,Prestamos!$I$4:$I$103,"Activo")>0,"Prestado","Disponible"),"Disponible"))
... H103: =IF($A103="","",IFERROR(IF(COUNTIFS(Prestamos!$B$4:$B$103,$A103,Prestamos!$I$4:$I$103,"Activo")>0,"Prestado","Disponible"),"Disponible"))
A105: Disponibilidad se calcula sola a partir de la hoja Prestamos. No escribir en esa columna.

Sheet Prestamos
A1: Control de prestamos
A2: ID prestamo | B2: ID instrumento | C2: Instrumento | D2: Carrera solicitante | E2: Solicitado por | F2: Fecha de entrega | G2: Fecha devolucion estimada | H2: Fecha devolucion real | I2: Estado del prestamo | J2: Estado al devolver | K2: Observaciones
A3: PR-001 | B3: INS-001 | C3: =IFERROR(INDEX(Inventario!$B$4:$B$103,MATCH($B3,Inventario!$A$4:$A$103,0)),"") | D3: Mineria y Metalurgia | E3: Pedro Soto | F3: 2024-03-15 | G3: 2024-03-29 | I3: =IF($B3="","",IF($H3<>"","Devuelto",IF(TODAY()>$G3,"Atrasado","Activo"))) | K3: Ejemplo - reemplazar o borrar
C4: =IF($B4="","",IFERROR(INDEX(Inventario!$B$4:$B$103,MATCH($B4,Inventario!$A$4:$A$103,0)),"ID no encontrado")) | I4: =IF($B4="","",IF($H4<>"","Devuelto",IF(TODAY()>$G4,"Atrasado","Activo")))
C5: =IF($B5="","",IFERROR(INDEX(Inventario!$B$4:$B$103,MATCH($B5,Inventario!$A$4:$A$103,0)),"ID no encontrado")) | I5: =IF($B5="","",IF($H5<>"","Devuelto",IF(TODAY()>$G5,"Atrasado","Activo")))
C6: =IF($B6="","",IFERROR(INDEX(Inventario!$B$4:$B$103,MATCH($B6,Inventario!$A$4:$A$103,0)),"ID no encontrado")) | I6: =IF($B6="","",IF($H6<>"","Devuelto",IF(TODAY()>$G6,"Atrasado","Activo")))
C7: =IF($B7="","",IFERROR(INDEX(Inventario!$B$4:$B$103,MATCH($B7,Inventario!$A$4:$A$103,0)),"ID no encontrado")) | I7: =IF($B7="","",IF($H7<>"","Devuelto",IF(TODAY()>$G7,"Atrasado","Activo")))
C8: =IF($B8="","",IFERROR(INDEX(Inventario!$B$4:$B$103,MATCH($B8,Inventario!$A$4:$A$103,0)),"ID no encontrado")) | I8: =IF($B8="","",IF($H8<>"","Devuelto",IF(TODAY()>$G8,"Atrasado","Activo")))
C9: =IF($B9="","",IFERROR(INDEX(Inventario!$B$4:$B$103,MATCH($B9,Inventario!$A$4:$A$103,0)),"ID no encontrado")) | I9: =IF($B9="","",IF($H9<>"","Devuelto",IF(TODAY()>$G9,"Atrasado","Activo")))
C10: =IF($B10="","",IFERROR(INDEX(Inventario!$B$4:$B$103,MATCH($B10,Inventario!$A$4:$A$103,0)),"ID no encontrado")) | I10: =IF($B10="","",IF($H10<>"","Devuelto",IF(TODAY()>$G10,"Atrasado","Activo")))
C11: =IF($B11="","",IFERROR(INDEX(Inventario!$B$4:$B$103,MATCH($B11,Inventario!$A$4:$A$103,0)),"ID no encontrado")) | I11: =IF($B11="","",IF($H11<>"","Devuelto",IF(TODAY()>$G11,"Atrasado","Activo")))
C12: =IF($B12="","",IFERROR(INDEX(Inventario!$B$4:$B$103,MATCH($B12,Inventario!$A$4:$A$103,0)),"ID no encontrado")) | I12: =IF($B12="","",IF($H12<>"","Devuelto",IF(TODAY()>$G12,"Atrasado","Activo")))
C13: =IF($B13="","",IFERROR(INDEX(Inventario!$B$4:$B$103,MATCH($B13,Inventario!$A$4:$A$103,0)),"ID no encontrado")) | I13: =IF($B13="","",IF($H13<>"","Devuelto",IF(TODAY()>$G13,"Atrasado","Activo")))
C14: =IF($B14="","",IFERROR(INDEX(Inventario!$B$4:$B$103,MATCH($B14,Inventario!$A$4:$A$103,0)),"ID no encontrado")) | I14: =IF($B14="","",IF($H14<>"","Devuelto",IF(TODAY()>$G14,"Atrasado","Activo")))
C15: =IF($B15="","",IFERROR(INDEX(Inventario!$B$4:$B$103,MATCH($B15,Inventario!$A$4:$A$103,0)),"ID no encontrado")) | I15: =IF($B15="","",IF($H15<>"","Devuelto",IF(TODAY()>$G15,"Atrasado","Activo")))
... C103: =IF($B103="","",IFERROR(INDEX(Inventario!$B$4:$B$103,MATCH($B103,Inventario!$A$4:$A$103,0)),"ID no encontrado")) | I103: =IF($B103="","",IF($H103<>"","Devuelto",IF(TODAY()>$G103,"Atrasado","Activo")))
A105: Instrumento y Estado del prestamo se calculan solos. No escribir en esas columnas.

Sheet Resumen
A1: Resumen (se actualiza solo)
A3: Total instrumentos registrados | B3: =COUNTIF(Inventario!A4:A103,"<>")
A4: Instrumentos disponibles | B4: =COUNTIF(Inventario!H4:H103,"Disponible")
A5: Instrumentos prestados | B5: =COUNTIF(Inventario!H4:H103,"Prestado")
A6: Prestamos activos | B6: =COUNTIF(Prestamos!I4:I103,"Activo")
A7: Prestamos atrasados | B7: =COUNTIF(Prestamos!I4:I103,"Atrasado")
A8: Prestamos devueltos | B8: =COUNTIF(Prestamos!I4:I103,"Devuelto")
A10: Instrumentos por categoria
A11: Topografia | B11: =COUNTIFS(Inventario!D4:D103,"Topografia")
A12: Instrumentacion y control | B12: =COUNTIFS(Inventario!D4:D103,"Instrumentacion y control")
A13: Electrica | B13: =COUNTIFS(Inventario!D4:D103,"Electrica")
A14: Mecanica | B14: =COUNTIFS(Inventario!D4:D103,"Mecanica")
A15: Mineria y metalurgia | B15: =COUNTIFS(Inventario!D4:D103,"Mineria y metalurgia")
A16: Otros | B16: =COUNTIFS(Inventario!D4:D103,"Otros")
